4,2.59576,-4.57609,8.63659
5,-7.02065,7.94301,-4.07757
5,-8.65695,8.96853,-3.53869
5,-9.63614,7.86528,-4.38306
2,-5.55738,10.9669,-4.36823
2,-5.7996,9.93916,-5.74025
1,-1.86917,-5.71762,4.72868
4,0.633185,-0.955361,6.22934
3,0.197701,-8.50626,-9.6474
1,-1.63255,-4.94798,6.02229
4,1.53959,-0.723433,7.74061
3,-1.92483,-7.50599,-9.52324
4,0.766866,-2.30618,7.48366
2,-5.67571,9.80963,-6.83704
5,-9.22412,8.25327,-2.56753
4,-1.27584,-1.42938,8.66266
2,-5.02622,9.23226,-5.97338
4,0.765018,-2.19064,7.38473
3,0.496447,-6.0405,-5.93723
2,-6.11514,10.0779,-5.47767
1,-1.81551,-5.47782,4.49753
3,-0.939198,-6.39215,-9.76647
3,-1.51787,-7.74231,-9.87871
5,-8.65121,8.90434,-2.12405
3,-1.04747,-7.59434,-9.65457
5,-9.64187,7.95759,-2.3535
4,-0.342253,-2.04517,7.38954
4,1.05017,-3.24648,6.09108
4,0.629498,-3.33968,8.44081
5,-8.65045,9.76154,-2.62872
5,-10.4931,8.12698,-4.6599
2,-5.05746,8.70375,-3.94141
4,0.272529,-1.31293,6.86535
4,0.425584,-1.92329,7.3224
1,-1.3074,-5.96773,5.94499
5,-7.38948,9.2421,-2.12789
2,-4.68705,10.0322,-4.9416
3,-2.87668,-6.81374,-7.85875
5,-8.25417,8.44545,-0.00682316
5,-8.03892,9.47333,-1.95018
5,-8.84423,7.26139,-4.03767
3,-0.759684,-7.53486,-9.34499
3,-1.72768,-6.93357,-9.9419
5,-8.95526,6.85333,-3.82433
2,-5.40942,9.18019,-5.92518
4,-0.617907,-0.65619,7.93429
4,-0.827939,-1.23865,7.15026
1,-1.11976,-5.73878,5.93608
3,-2.44838,-5.78727,-8.65765
3,-1.41749,-5.56104,-10.3875
5,-9.29806,8.81491,-2.20532
2,-6.00371,11.5417,-5.65488
4,-0.389438,-1.40011,9.47752
5,-9.32701,7.23838,-3.23733
1,-2.40514,-7.06162,5.98467
5,-7.35126,7.49898,-2.47831
5,-9.3732,9.52111,-2.8849
4,0.158589,-1.56247,7.42223
4,0.0191944,-0.924158,7.855
2,-6.36579,9.3302,-5.95251
5,-9.07009,9.17892,-3.273
2,-5.72336,7.46535,-5.67139
5,-8.85869,7.78665,-4.68508
1,-0.164628,-5.5051,4.82873
3,-0.522107,-5.23287,-7.58194
1,-3.59002,-5.9135,4.76838
5,-9.41589,7.51064,-2.57437
2,-4.00485,8.87408,-6.9459
5,-8.48932,10.5734,-3.42478
5,-8.15574,8.89204,-4.57172
3,-0.645337,-5.92521,-9.63348
1,-3.36124,-5.13758,4.77987
4,2.9133,-2.72401,7.74337
3,-2.44355,-7.39484,-9.58383
4,1.26874,-3.10093,8.08311
3,-2.26614,-8.05589,-9.15995
4,0.445894,-1.24837,8.17436
4,0.28124,1.32458,7.3503
4,0.642762,-2.19195,7.44071
1,-2.29299,-5.30011,5.41553
4,0.745389,-2.33096,7.11556
1,-1.04034,-4.55483,6.88301
3,-1.98334,-6.78382,-8.82794
4,0.666056,-1.79255,6.68883
3,-1.60278,-5.9546,-9.14187
3,-1.57105,-6.19353,-9.55739
2,-5.03697,10.0674,-3.93392
2,-3.77865,11.0781,-4.40979
1,-2.57217,-6.23278,4.31621
2,-6.94443,11.037,-5.38687
5,-7.5672,9.01446,-0.85076
5,-7.72592,6.79571,-2.09355
4,-0.74499,-2.77835,7.11978
3,-0.205613,-7.67942,-9.69704
2,-5.54291,10.2503,-6.51973
4,0.956018,0.40846,8.57926
2,-5.60595,9.88334,-7.97067
2,-4.56935,7.51367,-4.44952
1,-1.92038,-4.9304,5.59805
2,-5.38639,10.9888,-6.9935
3,-2.87688,-4.72318,-10.9491
1,-1.47583,-4.20274,3.03719
3,-1.57736,-7.75557,-9.23419
1,-0.713955,-6.48558,6.41908
2,-4.14876,8.9517,-5.79345
4,-0.820699,-1.5275,8.05479
2,-4.79482,8.51462,-6.60015
5,-9.18355,9.17398,-3.01741
3,-0.936902,-7.30929,-10.4221
3,-1.48555,-7.6315,-8.65999
3,-1.23921,-6.44113,-8.01899
4,1.14218,-1.39126,7.63023
5,-6.94553,7.43212,-4.08677
5,-8.902,8.82908,-1.68527
3,-1.81892,-7.10207,-9.79287
3,-3.12688,-4.15578,-9.59543
4,0.767749,-2.85717,8.25107
4,0.479485,-2.70925,6.70476
1,-0.0494049,-7.03589,6.52423
4,1.79197,-2.13126,8.32013
2,-5.31188,8.60177,-6.55112
5,-9.49406,8.22789,-3.23387
3,-1.43807,-6.1749,-8.54109
3,-1.03475,-8.60713,-9.85689
2,-4.74785,6.41403,-5.27209
4,0.77962,-1.95393,7.07948
1,-4.47554,-3.95394,5.67623
5,-8.03262,9.08415,-3.54504
5,-6.8101,8.53246,-2.34193
2,-6.95216,8.13213,-2.78863
4,0.205724,-1.63525,6.96658
4,1.76766,-0.347198,6.9376
4,0.398597,-1.36302,5.89814
3,-0.796694,-5.72328,-9.38994
5,-8.12821,8.42892,-3.56895
3,-2.40878,-6.91749,-8.22798
1,-3.79172,-6.44373,6.39916
4,0.0356442,-0.955189,6.99751
2,-4.48244,11.2652,-5.79469
5,-7.16596,8.18229,-3.36686
3,-0.636705,-7.8482,-8.19009
3,-2.04507,-8.26885,-8.21236
4,1.32509,-1.6219,6.65403
1,-4.38116,-6.94071,5.66945
1,-2.54769,-4.70848,4.3344
1,-3.15876,-6.70175,5.73991
4,0.324324,-1.81466,8.04689
3,-0.820276,-5.63596,-10.1153
4,0.211182,-0.206456,8.02426
4,2.03761,-1.92888,6.94387
1,-2.21739,-5.66233,4.75076
5,-5.71358,7.7683,-2.0377
3,-1.99991,-8.34038,-10.1264
4,1.93929,-2.50442,7.76963
3,-1.40854,-6.35699,-8.03716
5,-8.65034,8.44906,-3.1171
3,-0.764545,-7.64547,-9.29249
2,-6.15267,7.77655,-5.68754
2,-5.33132,7.74485,-5.04104
3,-2.85175,-7.52975,-7.98811
3,-2.42561,-6.66851,-10.2261
1,-2.7007,-5.86034,6.66471
5,-7.64039,7.77514,-3.75038
1,-3.36546,-5.59588,6.62136
3,-2.32238,-4.04979,-9.60735
2,-5.32911,9.05253,-6.75461
1,-3.33356,-4.52003,5.56129
5,-7.83021,5.39472,-4.07902
1,-3.14184,-6.62803,5.66451
2,-6.50698,10.9606,-6.92749
3,-1.43917,-5.11029,-6.98474
4,1.21312,-2.46669,6.37592
1,-4.13638,-5.35248,5.57765
1,-3.12138,-5.17091,4.61106
2,-4.86005,10.1645,-7.95134
5,-8.35632,8.07241,-2.04086
1,-3.28914,-4.98355,4.92572
4,0.0563834,-1.71232,8.3903
4,1.35508,-2.03981,8.07865
4,0.812097,-0.595554,7.82505
4,-0.958854,-2.12512,6.97077
2,-7.18409,7.36024,-5.82056
1,-0.569988,-5.92999,5.18687
3,-0.614186,-7.79437,-8.6789
2,-5.15167,9.30487,-4.04419
4,1.17891,-1.1866,7.61666
1,-2.92402,-3.90926,6.2025
2,-5.52992,9.97413,-4.84079
1,-0.820007,-6.15121,6.95927
1,-3.13727,-6.1604,5.04305
2,-6.35625,8.3892,-6.70689
5,-7.87032,9.55465,-3.04641
5,-8.72935,6.95901,-2.90924
2,-5.22552,11.058,-6.45796
3,-0.972729,-7.02179,-8.47151
2,-5.81042,8.61202,-7.40295
2,-5.42144,11.7597,-5.85498
1,-4.92158,-7.33144,5.2275
5,-8.60944,9.44993,-1.51532
2,-3.18688,9.56392,-4.6556
5,-7.36771,7.68562,-3.11569
5,-7.94381,8.82138,-2.99715
5,-8.5095,8.05884,-4.27195
2,-4.90181,9.2674,-7.42454
3,-1.7811,-7.63858,-7.5663
2,-4.40771,9.69962,-6.91528
4,0.531928,-1.24489,7.49638
4,1.17605,-1.47553,6.32215
2,-5.64411,11.4796,-7.21177
4,2.10751,-3.22746,6.93614
4,0.0705584,-3.43349,7.87391
5,-7.62558,8.86465,-3.67354
5,-7.96138,7.89786,-4.0657
1,-2.81261,-4.38254,5.33616
5,-7.42602,7.20409,-3.60727
4,-0.726557,-1.40329,6.04974
5,-7.82827,8.61585,-4.13736
2,-6.54418,8.84177,-4.68754
4,-0.0917138,-1.20954,8.63885
3,-0.246394,-5.96385,-9.15433
2,-3.55145,9.02209,-6.11461
2,-5.56751,10.9872,-5.2089
3,-1.63648,-6.70845,-8.38652
3,-1.16238,-7.80047,-8.57828
4,0.58744,-3.07781,6.46404
2,-4.16717,7.904,-6.32282
1,-1.98089,-6.25937,6.80567
2,-3.40618,9.83838,-7.32594
2,-5.03594,9.7693,-6.768
3,-1.67741,-6.69517,-8.10203
2,-5.79595,8.77566,-6.5554
2,-4.80923,9.17091,-6.37074
4,0.137842,-0.928992,9.3621
1,-3.54255,-5.22895,5.6521
1,-1.54114,-6.40098,5.80457
5,-7.91361,8.2282,-2.34322
3,-0.793607,-6.26608,-9.71417
1,-3.12512,-4.92413,5.90791
1,-1.81659,-7.12213,6.7455
3,-0.348538,-5.73447,-9.44464
5,-8.70488,7.92375,-2.58382
4,1.12123,-3.62865,6.77074
3,-0.530183,-7.37615,-7.8317
5,-9.20247,6.71607,-3.46187
4,-0.223258,-0.674173,7.7457
5,-7.94383,9.56186,-2.89339
5,-9.16374,8.2596,-4.06952
5,-9.02672,8.2055,-3.45073
2,-4.91077,10.2519,-6.83332
5,-6.11294,6.48946,-3.09495
1,-1.01683,-6.40139,6.24076
4,1.49464,-1.51649,9.03158
1,-1.97411,-6.29133,8.07702
1,-2.30604,-4.48393,4.95768
1,-0.526455,-5.55759,6.11978
4,1.01411,-1.6369,6.99985
3,-0.529223,-5.05936,-7.57029
1,-2.51724,-5.80808,4.69408
1,-0.913726,-6.46424,5.83645
1,-1.7653,-6.50874,6.12519
1,-2.57127,-6.76062,5.03976
4,0.426791,-1.85546,7.72499
5,-8.40837,7.6601,-2.11205
5,-7.16821,8.75942,-3.85941
2,-5.20341,9.47662,-5.36301
2,-4.07534,11.6276,-5.76439
1,-1.63236,-6.75845,5.03603
3,-1.55329,-7.729,-10.1925
2,-5.14156,10.1173,-4.44658
2,-6.17878,8.85466,-4.07853
4,-0.309859,-2.38921,7.09257
3,-1.80509,-6.20977,-9.74538
5,-8.93045,8.10096,-3.83014
4,0.023475,-1.35887,7.54254
3,-0.929365,-6.3934,-9.06297
3,-0.925135,-8.80798,-8.81904
5,-8.58957,7.44232,-3.3626
3,-1.66951,-7.79506,-8.40815
4,2.6574,-0.297373,8.54218
1,-3.02879,-6.20191,5.82001
2,-4.74301,8.95259,-6.08644
2,-5.72268,9.82906,-6.26339
4,0.873675,1.15382,7.40912
3,-1.31357,-6.2132,-11.0455
5,-8.33602,8.01092,-2.65777
5,-7.89435,6.77777,-3.71568
1,-3.15033,-6.17134,5.59316
5,-9.5222,6.6482,-3.93462
3,-1.92183,-6.65527,-8.99137
3,-0.649695,-4.93455,-8.62675
2,-5.3444,9.24088,-4.41238
1,-0.775572,-5.14951,8.1355
3,-0.0530911,-5.37225,-9.62579
4,2.55353,-0.925674,8.70293
2,-3.83487,8.00337,-6.24641
3,-2.04716,-4.70385,-8.96297
3,-1.64088,-7.44831,-9.98921
1,-1.1732,-5.93607,7.4434
4,-0.33647,-2.66297,6.97419
3,-0.876427,-9.37171,-8.42833
4,1.70258,-1.9942,8.03076
3,-2.87703,-6.58782,-10.0803
1,-3.40843,-5.34313,6.19329
2,-6.32504,9.45733,-7.70571
2,-5.14235,9.83997,-5.6564
1,0.126636,-4.16008,6.94304
3,-1.30928,-6.01372,-9.69667
4,0.209271,-0.681314,6.0882
3,-1.55739,-5.67871,-9.39618
3,-2.15478,-6.48241,-9.37454
4,0.837925,-1.31626,7.92897
3,-1.21549,-6.78956,-10.2999
3,-1.09575,-7.76658,-9.96554
4,1.38323,0.927765,6.64423
5,-8.22305,8.69839,-3.53632
2,-5.39342,9.48696,-4.89046
5,-8.77839,7.9713,-5.24558
2,-6.65373,9.44652,-6.54622
1,-2.34287,-5.39792,4.22736
5,-6.97444,7.07551,-3.0039
2,-5.36925,8.30857,-4.82489
5,-7.60261,8.37232,-0.696151
2,-4.79517,10.9917,-6.27626
4,1.4749,-1.43955,8.35149
4,0.787332,-1.39681,10.2599
3,-1.81022,-7.31867,-7.85939
2,-5.35651,11.0259,-4.92502
2,-5.33471,8.82941,-6.08683
4,1.40515,-2.42839,8.67638
3,-1.84655,-6.19754,-9.82684
5,-9.08951,9.97523,-1.90332
1,-0.825585,-5.52071,6.07895
4,-0.503664,-2.40981,8.69073
1,-2.59614,-6.52393,6.75764
5,-8.89274,7.21129,-3.7014
4,-0.536925,-0.785455,7.8046
3,-1.40409,-6.04761,-10.4375
1,-2.92022,-7.06579,5.39649
5,-9.13584,7.90762,-2.02601
4,0.793001,-2.10204,8.46275
4,1.7313,-0.323313,7.30392
3,-0.323532,-6.00654,-8.94595
4,0.344808,-1.82062,8.81425
5,-7.26357,7.89568,-2.8645
4,-0.829434,-3.21336,8.37663
5,-8.34097,8.52399,-2.09543
2,-5.55584,10.2901,-5.5917
4,2.24661,-2.10233,7.48392
2,-4.16373,10.2245,-6.494
3,-0.54875,-4.80663,-8.42454
4,0.154286,-0.975295,5.38628
3,-3.13985,-7.60218,-8.20971
1,-2.45806,-6.48323,4.19481
1,-1.0693,-7.36596,4.93509
4,1.25658,-1.77348,7.71281
2,-3.44708,10.0984,-6.18583
1,-2.75946,-5.98068,3.56871
3,0.58648,-5.83441,-7.87537
3,-0.292236,-6.07644,-9.28693
2,-4.12454,9.55849,-5.55874
3,-0.798113,-9.41749,-8.43608
4,0.526385,0.806748,7.65039
3,-0.264394,-6.8762,-8.55677
5,-9.79842,6.86327,-4.74985
4,0.715297,-2.22452,7.74275
5,-8.57534,7.61232,-3.7318
3,-2.90703,-9.27138,-9.34922
4,0.158785,0.375063,7.31725
5,-10.6034,9.53457,-3.60771
5,-8.16101,9.7971,-2.99861
3,0.391416,-6.89785,-9.95601
5,-9.29632,7.02682,-3.56643
2,-6.2248,8.73126,-5.48789
3,-1.01667,-8.44117,-9.20983
3,-2.62935,-7.26844,-10.2188
2,-3.21945,9.31737,-3.78136
4,0.161036,-1.13354,8.11665
1,-2.15945,-5.46088,5.22374
5,-8.21824,7.68,-2.66901
4,0.217689,-2.65073,7.24095
4,1.9809,-2.31727,7.45158
2,-3.59756,10.0113,-7.51794
2,-5.99219,9.12243,-6.09509
2,-4.05707,10.0621,-4.46356
5,-9.07747,8.68875,-3.88127
2,-4.51191,9.39774,-6.6134
1,-3.15866,-5.32457,4.25361
2,-5.30423,10.631,-6.91897
1,-3.01704,-5.9792,6.95535
4,-1.28195,-1.10512,8.94492
4,-1.22603,-1.76532,8.64471
5,-8.44701,9.41547,-3.49003
2,-4.23013,8.99763,-4.73964
4,0.71739,-1.35175,8.04075
1,-3.09765,-4.94761,5.84737
3,-0.138671,-6.07959,-9.74642
2,-5.22149,10.6069,-6.13503
1,-1.97785,-5.96824,5.50534
3,-1.84946,-5.7478,-10.319
1,-2.91359,-6.36952,3.68243
4,1.23014,-1.55056,6.54164
4,0.452899,-1.20297,7.56193
1,-2.87951,-6.35269,5.41338
3,-3.48205,-7.32575,-9.11668
4,2.78046,-1.48802,6.96286
4,-0.189509,-1.73418,7.55738
2,-5.11488,7.89728,-6.82187
2,-5.61193,10.5404,-5.96855
4,0.577984,-2.79576,7.49107
5,-8.51661,7.65709,-1.90103
3,-1.12944,-4.36278,-9.90737
5,-6.65199,7.26607,-2.86761
5,-7.887,6.46071,-3.25434
3,-2.00889,-7.78982,-8.36042
3,-1.19917,-7.8329,-9.18903
2,-4.82761,9.36529,-7.26562
4,2.60552,-2.46525,7.73187
5,-8.13472,6.87102,-3.72874
4,1.96175,-1.3706,7.8819
3,-1.01665,-5.54594,-10.2693
4,-0.262069,-0.680048,7.58961
5,-9.71561,8.4663,-3.40676
2,-4.21686,7.93642,-6.33827
5,-6.96453,8.3304,-2.3803
4,2.04682,-3.54268,6.24604
1,-2.27181,-6.51943,6.39059
2,-5.73262,9.2205,-6.16187
4,2.68748,-1.33482,7.54507
1,-2.72509,-5.6503,4.3529
1,-2.57336,-7.84349,5.88282
4,2.4925,-2.87901,8.59588
3,-1.48382,-6.76474,-8.31158
1,-3.54963,-5.43368,4.48792
2,-4.4257,8.48961,-5.73622
5,-8.15463,7.30089,-3.2432
2,-6.48856,11.1067,-5.7049
3,-1.89976,-6.37171,-10.8521
2,-5.17442,9.36429,-5.55467
5,-9.60174,6.66753,-3.88286
3,-1.38732,-3.82363,-10.7653
1,-3.71818,-3.49169,5.86137
2,-5.11844,9.40533,-4.53966
5,-8.44064,8.78276,-1.83447
2,-5.10584,9.47969,-5.55955
1,-3.16826,-5.64255,4.09368
2,-5.08469,8.84174,-7.43412
1,-3.22614,-6.51024,6.01419
3,-2.32071,-5.63792,-9.17442
2,-6.00204,10.2102,-6.27613
1,-2.30018,-7.02886,5.21502
1,-3.68738,-6.62642,4.73534
4,0.646126,-0.931939,7.34378
5,-8.01876,8.22284,-3.6596
2,-4.27342,10.5486,-6.77404
2,-3.30328,7.86491,-6.5009
2,-5.63315,8.73229,-7.81556
3,-1.0588,-6.63884,-8.60829
2,-5.45543,9.40229,-5.88403
2,-4.92847,9.68615,-6.9016
4,2.62538,-1.01944,7.58267
4,0.873677,-1.80953,8.69382
2,-5.80194,8.8703,-5.63483
4,-0.0501957,-1.43756,7.82284
2,-4.47389,10.1615,-5.38786
4,0.443266,-1.42276,8.64704
2,-5.72535,6.88535,-6.68157
2,-6.00171,8.62404,-5.61885
5,-7.35391,6.55731,-5.2563
1,-2.06592,-4.77053,4.57628
4,1.37366,-1.6989,7.40795
2,-5.45144,9.69897,-6.26536
4,2.41456,-2.8684,7.72202
3,-2.61952,-5.73784,-9.21424
3,0.0299908,-6.26969,-10.2901
2,-6.04252,10.4119,-5.62854
2,-5.22092,8.92147,-6.17812
4,0.132837,-2.13772,6.36239
5,-8.79846,10.0237,-3.74009
2,-4.91082,10.5873,-3.86758
2,-4.36285,8.51076,-6.32951
2,-3.52358,10.5803,-5.52399
4,-1.14831,0.47535,5.2258
3,-1.39779,-7.92828,-9.21299
3,-2.49654,-7.3284,-9.74835
4,0.346915,-0.332741,6.51299
5,-7.70103,7.71422,-2.89355
5,-6.04389,7.88777,-2.96223
4,1.35846,-0.480605,5.79771
3,-3.26193,-6.30705,-8.40556
4,0.49219,0.327144,8.10039
1,-4.03771,-3.91686,6.10935
1,-2.01916,-5.87594,7.66588
5,-9.54076,8.69651,-2.09963
2,-4.49124,11.1582,-6.68913
3,0.260887,-7.74539,-7.90458
3,-1.23246,-6.11721,-7.51389
2,-5.73396,9.53258,-5.57084
2,-3.8662,10.733,-5.564
4,-0.935122,-1.5728,6.70671
4,-0.966578,-1.09672,7.82045
4,0.486189,-1.23787,8.47742
2,-5.50001,9.45265,-6.25654
2,-5.98031,9.31703,-5.69859
2,-5.25495,9.59503,-5.4353
1,-0.954066,-5.6991,4.62732
2,-4.41761,11.4818,-6.26079
1,-1.26833,-6.54152,6.08757
2,-5.20112,11.288,-5.68564
3,-2.56276,-6.47311,-8.83411
1,0.0231539,-8.135,4.98526
1,0.290818,-5.67282,7.31519
2,-4.38686,9.20725,-6.17907
2,-5.6329,10.5142,-5.69271
4,0.859189,-0.314449,6.59487
3,-0.971603,-7.14124,-8.992
1,-3.93633,-6.75677,6.44843
5,-8.15167,8.8704,-3.63174
2,-4.93871,9.986,-5.45579
5,-9.85661,8.57784,-3.50654
5,-7.88763,8.83137,-0.351448
5,-6.75669,8.26174,-0.70929
4,-1.10195,-3.71917,10.4777
3,-1.37141,-6.21146,-9.29431
3,-0.863262,-6.24618,-9.69269
5,-7.86703,9.52753,-3.43058
5,-6.87057,8.33121,-4.17833
2,-5.03977,9.75404,-5.53012
2,-5.13112,9.11799,-7.30582
3,-0.488545,-7.25328,-8.75786
3,-0.396195,-8.09926,-8.77845
2,-5.10356,8.72055,-6.85992
5,-8.90444,8.46368,-2.31302
5,-7.53861,5.93578,-2.46721
3,-1.73524,-6.6464,-10.6986
2,-5.30319,9.51618,-5.09183
4,0.940762,-1.59408,7.59561
1,-3.35883,-5.9619,6.74924
1,-1.83758,-4.14214,5.76378
3,-0.278164,-8.12236,-8.71889
1,-3.02103,-4.48479,7.26852
4,-0.141395,-1.52205,8.89843
1,-4.36623,-6.64963,3.30081
2,-5.38002,10.3633,-6.86505
4,0.876957,-2.56236,7.39725
5,-9.71304,5.98209,-2.19066
1,-1.89598,-6.6014,5.30695
1,-3.83594,-4.23519,6.65613
1,-0.0383173,-5.01424,7.25361
5,-8.74876,6.83682,-3.74192
1,-3.09034,-5.14405,5.19202
2,-5.58453,9.13701,-5.87342
1,-1.88469,-5.23904,5.66642
5,-8.7783,9.39395,-2.83333
4,-0.146194,-0.892753,8.31339
2,-5.19366,8.70776,-5.40419
3,-0.545584,-7.11656,-7.92582
5,-8.81024,7.48522,-1.69105
5,-9.88179,8.22812,-3.15232
1,-2.65185,-5.76021,6.14118
1,-1.40549,-6.18475,6.25178
5,-6.82469,7.56759,-2.74407
4,1.31129,0.804163,8.1416
3,-2.15323,-5.42934,-9.17231
1,-1.99053,-5.57531,4.55744
5,-8.28985,8.3889,-2.9499
4,-0.359658,-1.99141,7.59689
5,-8.6265,8.04524,-2.6213
2,-4.58434,9.75503,-5.97847
1,-3.97861,-6.10965,6.42522
4,-0.312142,-1.00982,7.44533
2,-6.63642,8.55132,-5.69313
3,-1.18692,-8.71479,-8.21448
1,-2.64392,-6.09631,6.24282
1,-2.54227,-5.66682,7.31134
2,-5.67217,10.2607,-5.36662
1,-1.82636,-5.07716,2.41083
2,-5.75178,10.9988,-4.54535
4,1.78286,-1.04923,7.6969
5,-7.25253,8.25123,-2.28076
2,-4.71844,7.37065,-6.50807
2,-5.08415,11.9422,-6.42873
4,0.400915,-3.02755,6.7926
3,-1.45759,-7.09397,-9.74235
2,-4.79778,10.5158,-6.72909
2,-5.20987,9.02007,-6.66296
5,-7.69003,7.72521,-2.80093
1,-2.8389,-5.18938,4.97996
4,-0.83427,-2.93851,7.89711
2,-5.43159,10.2564,-4.71143
1,-1.57113,-5.64994,5.98086
1,-1.64261,-4.99776,6.00347
1,-1.61551,-4.89485,7.4139
4,-0.530214,-1.04908,5.58631
4,-0.696611,-1.25799,6.95125
2,-4.59338,10.8152,-5.98431
1,-2.32855,-4.77189,4.44039
3,-2.29835,-7.79597,-8.48091
4,1.79549,-0.969727,8.53131
2,-5.6356,9.42186,-5.75304
1,-1.87136,-5.5151,6.84367
2,-6.25046,11.9132,-4.43874
5,-8.39619,9.52362,-1.6581
3,-2.40457,-7.82244,-9.7725
3,-1.80981,-7.56676,-8.58365
5,-6.59445,8.53435,-4.27396
3,0.37108,-6.3782,-9.7609
4,0.0774004,-2.78634,6.94885
4,-0.175075,-0.541829,6.80746
4,1.94953,-1.00776,7.03509
4,1.07197,-1.37741,8.47996
3,-1.3579,-7.12768,-11.793
4,0.809175,-1.32663,7.6214
2,-6.04802,7.90654,-5.27443
3,-2.75144,-6.47711,-8.01498
4,1.28873,-1.53215,7.15417
1,-2.2986,-6.4495,6.72362
4,0.729815,-1.59782,7.78379
1,-2.53198,-5.44271,6.55696
2,-5.33629,10.2124,-4.56788
1,-2.12501,-5.36838,6.70648
4,1.0033,-1.05829,6.83704
2,-5.03304,9.90172,-5.97087
1,-4.42399,-6.0841,4.6731
5,-8.69666,8.99988,-3.30447
1,-2.40129,-6.4036,6.17767
4,2.52249,-1.33182,8.09671
5,-9.44253,8.22491,-3.9401
2,-6.07652,7.919,-6.60798
4,1.23751,-2.57571,7.95237
4,0.619631,-1.13851,9.01618
1,-2.04523,-5.53466,7.14581
3,-1.34632,-7.37374,-9.02117
4,0.777043,-1.7539,9.74457
4,1.86035,-0.778576,7.68078
4,1.23122,-2.98876,7.41818
5,-7.8694,9.56423,-1.32883
5,-8.74593,7.07805,-1.93665
3,-2.54769,-6.06902,-8.34511
5,-8.40367,8.18772,-1.74417
1,-0.995901,-6.30303,5.89288
5,-9.18719,8.112,-4.42726
1,0.358321,-8.93899,5.17974
2,-4.97634,9.27251,-6.40901
1,-1.15376,-4.87553,6.40094
3,-0.724443,-5.9986,-9.3473
5,-9.33348,6.96891,-3.49705
3,-2.45669,-5.52852,-8.10644
2,-4.54582,9.73687,-4.65713
3,-0.393535,-6.55259,-8.02557
3,-2.06801,-7.59471,-9.52284
3,-1.79283,-6.57418,-8.55805
3,-1.60842,-6.19466,-8.58856
2,-6.05173,10.011,-6.02295
3,-0.947821,-5.36592,-8.83479
4,-0.967286,-2.5252,7.70674
3,-1.67224,-8.0651,-9.46229
5,-7.82704,8.50879,-3.83243
2,-5.868,8.42245,-5.87493
2,-7.2186,7.63151,-5.8662
1,-2.36506,-6.06652,7.03963
5,-7.32506,8.6675,-3.38111
2,-7.19737,9.94203,-5.65014
1,-2.02366,-6.24752,5.77166
3,-1.31198,-6.04906,-9.34452
3,-2.13415,-6.54409,-7.48994
4,0.58106,-4.21292,8.74924
4,1.23999,-1.99767,7.21852
1,-2.78663,-5.07122,5.06213
3,-0.599923,-7.96701,-8.89816
1,-2.7753,-6.28998,5.55825
1,-2.55607,-6.48946,5.92597
2,-5.9645,7.45344,-5.74089
3,-1.24295,-6.95988,-8.47444
4,0.784483,-1.18364,6.11533
2,-5.12156,10.0645,-5.50023
3,-1.09932,-7.40782,-9.65333
2,-5.35684,8.62893,-5.96101
2,-5.35993,8.05769,-6.41792
3,-1.04904,-7.14284,-9.87681
1,-1.84368,-6.02358,5.68942
4,-1.26951,-0.333626,6.58619
3,-3.03205,-7.08682,-8.42757
4,-0.603391,-1.01431,5.99316
1,-1.64799,-7.0232,6.80446
3,-0.716688,-6.30344,-8.3343
4,1.29061,-2.1911,7.76081
1,-3.61412,-6.53265,6.34098
5,-7.68823,8.42015,-2.85657
3,-1.83355,-6.87496,-8.3177
2,-4.72761,8.33782,-5.68753
3,-1.08232,-6.55361,-8.26485
4,0.418534,-0.617215,7.68754
4,-0.607649,-1.85599,8.64335
2,-4.69504,8.44932,-7.01388
4,0.912211,-0.279167,8.50729
4,0.107881,-0.0570822,8.09105
3,-0.68779,-6.44683,-10.8034
5,-10.0373,8.3692,-4.1623
1,-1.96701,-7.10439,5.85743
4,-0.164876,-1.86798,7.43913
1,-0.909127,-6.5751,6.29149
4,2.23901,-1.59954,7.54149
2,-5.67936,8.49125,-6.44801
4,0.648437,-1.64717,6.79894
4,1.06438,-0.949847,7.91215
4,-0.0508907,-2.42424,6.71367
1,-2.20374,-3.96672,5.02529
1,-1.03126,-5.64786,3.67379
4,1.49798,-2.20716,7.75428
1,-2.00242,-6.63087,5.35458
1,-2.294,-5.49268,5.34782
4,0.79645,-1.76998,8.42351
4,0.8474,-2.45477,8.99354
1,-3.8314,-4.97032,6.66499
1,-3.57905,-5.36198,4.52576
5,-8.09287,7.48622,-3.6562
5,-7.28008,9.17105,-2.55175
1,-0.273602,-5.37205,5.53055
1,-2.41697,-5.21498,5.73253
3,-0.62949,-7.21946,-10.6203
3,-1.91795,-6.10436,-9.80158
2,-3.429,9.29636,-7.62535
1,-1.35042,-7.53411,6.27401
3,-2.75986,-6.64375,-7.39321
1,-2.37505,-6.28128,6.30267
3,-2.27656,-7.80633,-10.4848
3,-1.2199,-8.11895,-9.37716
2,-5.81629,9.628,-6.01479
4,0.716589,-0.193648,6.92341
5,-8.33626,6.23618,-3.68788
4,1.34008,-1.85093,8.25118
4,1.31235,-1.4915,6.3036
3,-2.07665,-8.65304,-8.54752
5,-8.2477,8.6162,-3.05864
5,-8.88556,7.11829,-2.69723
2,-6.40874,9.61491,-6.10587
3,0.239786,-6.38513,-8.7356
1,-0.885698,-7.05487,4.88979
2,-4.09026,9.38971,-4.98238
4,0.430456,-0.653963,8.42716
5,-7.858,9.26963,-3.40415
5,-9.60236,7.45181,-2.69088
3,-2.12675,-6.52726,-8.17181
1,-2.84225,-5.51914,5.01184
4,0.0418708,-1.63277,6.28255
3,-0.579248,-6.26456,-9.95556
4,0.509202,-0.521669,6.73657
2,-6.00245,8.94258,-5.16505
4,-0.133582,-1.28298,8.98746
3,-0.274773,-7.89968,-8.52313
4,1.22288,-4.72978,6.99073
3,-2.45435,-6.4759,-7.97148
3,-1.13421,-4.20023,-9.62875
1,-2.16321,-5.38835,5.8674
5,-8.3138,8.52068,-2.9317
5,-8.74974,6.2146,-3.14411
5,-7.53303,9.15635,-2.98819
4,-0.328614,-2.62762,8.16046
5,-8.37631,8.56673,-2.88119
4,0.1085,0.0783342,6.89774
1,-1.08409,-5.44098,6.80209
4,1.73765,-0.953874,6.2085
4,1.58837,-2.09474,8.16468
2,-5.31761,8.58209,-5.45126
3,-0.409287,-7.61293,-8.231
2,-4.9669,9.31367,-5.89661
2,-5.64204,8.31634,-6.87903
1,-0.121632,-5.09251,6.16337
4,-0.159943,-0.975363,9.41163
2,-6.54638,9.67116,-4.95256
1,-4.01489,-4.36246,7.02609
3,-2.48451,-6.01965,-8.74124
1,-1.63336,-4.38501,5.93533
5,-10.2851,6.89065,-2.77236
5,-9.21714,7.43568,-3.3531
2,-4.5343,8.50735,-5.72747
2,-6.29687,8.10478,-4.52478
4,0.659802,-0.190355,8.14887
2,-5.40549,8.50301,-6.64271
4,-0.160224,-1.29052,8.05795
1,-2.3114,-4.70248,4.03609
4,0.102471,-1.37823,8.61515
4,0.921318,-2.88294,7.3941
3,-0.35773,-6.16935,-7.51592
3,-0.861522,-7.11324,-9.82448
1,-2.08193,-5.74728,5.4763
2,-4.25503,10.3886,-8.08594
3,-0.650885,-6.96457,-9.63566
3,-0.200121,-7.38699,-7.71741
1,-3.62121,-6.01239,6.16546
1,-2.48416,-4.43398,5.5853
2,-4.43133,9.18497,-5.03633
4,1.62028,-1.74427,9.29063
4,-0.0242592,-1.36184,9.72379
1,-2.24727,-5.28854,5.55227
2,-6.44488,8.38488,-6.01502
1,-2.53668,-4.28914,5.60582
4,1.14844,-2.03084,7.28881
1,-0.507903,-6.96929,6.23934
3,-3.94367,-8.59276,-9.43264
3,-1.86887,-7.11101,-9.8897
5,-8.90257,6.55447,-3.09191
3,-3.27094,-4.59962,-9.25457
5,-8.29201,8.42297,-3.21057
1,-2.30194,-8.88537,6.17731
4,0.355027,-2.00006,6.93424
1,-2.64919,-5.99305,5.565
5,-8.8651,8.57858,-2.22145
3,-1.21958,-7.75709,-9.30199
4,0.0765485,-1.46259,5.63186
2,-3.20896,8.3145,-5.45276
2,-5.03079,9.09534,-6.30537
3,-3.21621,-6.08034,-9.3311
1,-3.7847,-6.53645,5.05608
2,-7.37163,9.76801,-5.95552
2,-4.7642,8.13661,-7.16377
1,-1.54436,-6.04066,3.5361
3,-2.53804,-6.64423,-8.93708
3,-2.28621,-5.62332,-9.63523
3,-0.342625,-6.58759,-9.01609
2,-4.18629,9.83274,-6.56333
1,-1.599,-6.59205,4.94677
4,0.884561,-0.396031,7.04881
3,-1.41136,-9.09753,-8.49705
2,-5.94383,10.5239,-7.5735
5,-8.40155,8.01107,-0.977938
3,0.712614,-7.99427,-8.22926
2,-4.66191,9.35231,-6.05135
5,-7.04305,8.61366,-2.10956
3,-1.74096,-7.75985,-7.44319
1,-2.66065,-7.13889,6.70385
4,0.903662,-0.7844,5.81268
1,-1.15781,-6.21284,6.23851
1,-2.11845,-4.86098,5.07208
1,-1.52622,-5.27528,5.50465
1,-3.40215,-6.5756,4.24223
1,-0.931011,-5.64093,4.21676
2,-6.12765,10.0022,-5.35305
1,-1.79094,-3.99769,7.74672
2,-4.86461,10.303,-7.54919
5,-8.90073,7.08787,-1.61766
1,-2.41372,-5.2585,6.12818
1,-1.78805,-6.1669,5.83337
5,-7.63123,7.06717,-3.3021
2,-5.3925,9.79368,-4.88996
5,-8.8301,7.32191,-2.37228
1,-2.91585,-4.81135,6.71671
3,-1.73185,-6.96423,-11.8469
3,-0.138078,-8.37099,-8.59866
3,0.817045,-6.77927,-7.95214
3,0.702552,-5.14613,-9.7683
3,-2.30895,-5.62719,-10.3273
2,-3.89624,9.50509,-5.96406
5,-8.54656,10.19,-2.22612
5,-7.32252,7.29672,-3.5785
3,-0.817633,-7.06443,-9.97263
1,-2.62754,-6.01358,5.65841
3,-1.69094,-7.9642,-9.28069
5,-9.4556,6.98397,-1.62661
1,-0.645025,-6.92543,5.19121
2,-4.85259,8.6877,-5.85312
5,-7.93982,6.3852,-3.32262
5,-8.9929,8.69587,-2.3386
4,2.49957,-1.17635,8.31755
4,1.27883,-0.791712,7.16832
2,-5.80018,10.2321,-7.42437
1,-1.98,-6.67163,5.86791
2,-5.79593,8.41568,-6.92423
2,-6.70976,8.37904,-6.33985
5,-9.16414,6.61918,-3.77892
3,-0.498408,-6.30539,-8.9592
4,0.430788,-2.96891,7.71131
4,-0.76324,-0.385355,6.03437
1,-2.70677,-7.16584,6.03041
5,-7.75058,7.68125,-1.48361
2,-5.53205,9.96386,-6.37228
1,-1.39338,-6.45327,6.14327
1,-0.881578,-6.84485,6.82197
4,1.52488,-2.43436,8.78041
2,-3.13983,9.48039,-4.38823
4,1.66096,-1.92489,5.49947
5,-9.82661,5.10192,-4.31805
1,-2.19052,-6.62759,4.92852
3,-1.71497,-4.44354,-8.79575
5,-7.93515,6.76478,-2.91846
2,-5.56473,10.6417,-5.87557
5,-8.84081,6.70437,-4.08939
4,0.507022,-0.873972,8.47497
5,-10.3205,10.586,-5.18552
2,-4.92797,11.4001,-6.09863
1,-4.3924,-4.70166,4.86383
2,-6.26196,8.02381,-7.06754
2,-5.42188,8.3896,-5.4076
3,-1.55535,-6.2242,-8.70378
3,-0.538167,-6.38738,-10.8391
4,0.455558,-1.23756,8.91003
3,-1.11901,-7.96837,-9.45362
4,1.07803,-1.32205,8.77374
5,-10.5474,10.0969,-3.14101
4,0.41894,-3.15694,8.77877
1,-2.71764,-5.77906,6.96779
2,-5.7442,10.0675,-6.39921
2,-5.71738,9.77621,-5.34478
1,-2.74591,-6.76764,6.53785
3,-2.84976,-7.28028,-8.80711
3,-2.62349,-7.35034,-9.62657
5,-6.7451,7.60922,-3.88727
5,-7.36679,8.50314,-2.87662
4,0.129648,-0.718796,6.61293
4,-0.200017,-2.01099,7.29133
5,-7.88353,8.53531,-3.577
1,-2.64021,-8.36841,5.02366
3,-1.69882,-7.5463,-8.51944
4,1.21077,-2.47781,8.05372
4,0.578854,-1.99564,6.21342
1,-2.70261,-4.81738,7.60859
3,-3.32549,-6.96492,-8.32493
1,-3.33286,-6.30216,5.16221
5,-8.8789,7.96199,-2.06427
2,-6.97206,7.60311,-6.67179
3,0.108298,-6.24945,-8.50707
4,1.75588,-0.879327,7.43051
3,-2.99989,-7.23113,-9.72716
5,-9.94206,7.57832,-1.77377
3,-2.11791,-7.21572,-9.67155
4,1.48779,-4.03674,9.68091
3,-0.849667,-6.51068,-11.669
4,1.10803,-2.01657,5.1723
4,1.02289,-2.0266,8.99623
5,-8.57408,5.57295,-2.98745
3,-0.905305,-8.15671,-9.65679
1,-2.87903,-6.1364,6.79877
4,0.299295,-2.8896,7.39005
4,1.11874,-0.896201,7.95428
3,-0.704498,-6.04251,-7.35815
1,-0.198335,-5.718,6.26349
4,1.88134,-2.42847,5.96779
5,-8.39088,7.98398,-1.67025
5,-8.11149,8.38633,-3.82001
2,-6.13125,10.1335,-4.06005
1,-3.76018,-6.96346,6.40757
2,-6.31329,9.51135,-6.58791
4,0.283225,-0.864621,7.23515
3,-2.04381,-7.52467,-8.86302
2,-4.99281,8.22969,-5.19436
2,-7.12068,8.01105,-5.09
2,-5.42916,8.85213,-6.01048
3,-1.12638,-7.34546,-6.7746
3,-2.8969,-8.08962,-9.14022
4,0.173522,-0.271191,6.0102
5,-7.66407,7.27276,-2.51805
1,-2.36517,-6.0575,5.40557
3,-1.35092,-6.11712,-8.75772
4,0.936514,-0.341712,8.06858
3,-1.22959,-5.50704,-8.99989
4,-1.53307,-1.66641,7.52675
3,-2.7564,-7.90642,-8.41946
5,-7.02318,8.24133,-3.62201
2,-3.7366,9.7192,-7.35684
3,-1.80873,-8.6617,-9.54783
2,-5.21889,9.97834,-6.39576
1,-3.04647,-5.80921,5.51058
1,-2.43471,-6.75246,5.40044
1,-1.67879,-6.34481,7.47316
2,-6.40004,7.60626,-5.50301
3,-1.6924,-5.23176,-9.57429
2,-4.68484,9.57215,-6.71199
3,-1.01393,-7.41475,-9.69807
1,-3.80279,-5.80725,7.00501
5,-7.46736,8.31148,-3.42551
5,-7.83475,7.41755,-1.80147
5,-8.1258,8.24313,-2.5006
3,-0.28866,-6.89948,-9.35925
2,-5.09842,9.89746,-4.5771
1,-2.12597,-5.19957,7.11397
2,-5.65262,7.38976,-4.41203
1,-2.94237,-4.39284,5.00335
4,1.17266,0.0110028,8.36004
4,2.07009,-3.05089,7.43662
5,-7.49697,9.56079,-3.68311
2,-5.93157,7.80594,-5.23714
3,-1.11243,-7.46444,-7.79819
5,-6.2254,9.1726,-5.19129
3,-2.00106,-6.63937,-8.67854
4,1.35285,-2.83244,9.17383
3,-2.5862,-6.27704,-8.24648
3,-2.06214,-6.23295,-7.80776
1,-1.58514,-6.02179,5.15492
3,-2.47958,-7.00842,-9.16164
1,-3.61788,-5.86778,7.23653
1,-2.10424,-5.44228,5.1291
3,-1.28719,-7.45264,-8.92625
1,-1.16354,-6.95816,6.12232
5,-7.24297,8.43572,-2.03368
1,-2.58871,-4.55773,4.52611
5,-8.59424,7.55328,-4.3553
4,0.343676,-3.21562,7.59646
2,-3.92904,9.9938,-5.26155
4,0.685512,-1.1025,5.86995
4,0.15598,-0.748314,6.73136
